model,window_size,t_start,t_end,popt,R2,Tm1,protein,plate_ID,rep,well,ligand,Tm_D,Tm1_neg,dTm1,Tm_D_neg,dTm_D
mB,,25.0016,94.9409,[-0.99052875  0.28333349 -0.5395134   1.63125449  0.45118366  0.03510585],0.9969769748944648,56.55706965309054,B9,PM1,Rep02,A02,L-Arabinose,57.542805,75.4176646300518,-18.860594976961266,57.542805,0.0
mB,,25.0016,94.9409,[-1.30714325  0.34181041 -0.42389964  1.75435444  0.45411677  0.04261437],0.9919478605066998,56.762208674109445,B9,PM1,Rep02,A03,N-Acetyl-D-Glucosamine,58.028492,75.4176646300518,-18.655455955942358,57.542805,0.48568699999999865
mB,,25.0016,94.9409,[-1.13380291  0.32215897 -0.41191285  1.63368912  0.45839626  0.0370765 ],0.9956772472346735,57.06151357852737,B9,PM1,Rep02,A04,D-Saccharic Acid,57.542805,75.4176646300518,-18.356151051524435,57.542805,0.0
mB,,25.0016,94.9409,[-1.06571416  0.29163328 -0.58524775  1.72131978  0.4633976   0.04258145],0.9966515887938799,57.411303844872336,B9,PM1,Rep02,A05,Succinic Acid,57.542805,75.4176646300518,-18.006360785179467,57.542805,0.0
mB,,25.0016,94.9409,[-1.02320944  0.29406683 -0.46701706  1.59892619  0.45670975  0.03648226],0.9938531521431636,56.9435601587805,B9,PM1,Rep02,A06,D-Galactose,58.514183,75.4176646300518,-18.474104471271303,57.542805,0.9713780000000014
mB,,25.0016,94.9409,[-1.31502016  0.30546591 -0.45038049  1.80892881  0.46351168  0.0569206 ],0.9937629820588705,57.4192820980727,B9,PM1,Rep02,A07,L-Aspartic Acid,57.057114,75.4176646300518,-17.998382531979104,57.542805,-0.48569100000000276
mB,,25.0016,94.9409,[-1.46831566  0.33283836 -0.38360334  1.8904312   0.46100934  0.0588884 ],0.9929879272765213,57.24427027847551,B9,PM1,Rep02,A08,L-Proline,57.057114,75.4176646300518,-18.17339435157629,57.542805,-0.48569100000000276
mB,,25.0016,94.9409,[-1.2400957   0.3377996   0.17850206  1.25347379  0.43744242  0.03710514],0.9568823349651758,55.59601646995658,B9,PM1,Rep02,A09,D-Alanine,57.542805,75.4176646300518,-19.821648160095222,57.542805,0.0
mB,,25.0016,94.9409,[-1.92557022  0.37682184  0.31341622  1.72280933  0.44716781  0.07232675],0.9531346377004487,56.27620348444053,B9,PM1,Rep02,A10,D-Trehalose,57.542805,75.4176646300518,-19.141461145611274,57.542805,0.0
mB,,25.0016,94.9409,[-1.702004    0.33799067  0.01026314  1.78169076  0.45344098  0.07006463],0.9638645544528387,56.71494483008318,B9,PM1,Rep02,A11,D-Mannose,57.057114,75.4176646300518,-18.70271979996862,57.542805,-0.48569100000000276
mB,,25.0016,94.9409,[-1.90588705  0.40051084  0.16232142  1.76646307  0.4477428   0.06626249],0.964885531946291,56.31641775535327,B9,PM1,Rep02,A12,Dulcitol,57.057114,75.4176646300518,-19.101246874698532,57.542805,-0.48569100000000276
mB,,25.0016,94.9409,[-1.14166635  0.30638331 -0.47240186  1.7210363   0.45120781  0.04040387],0.9952887516406523,56.55875841348,B9,PM1,Rep02,B01,D-Serine,57.542805,75.4176646300518,-18.858906216571803,57.542805,0.0
mB,,25.0016,94.9409,[-1.20677348  0.31944547 -0.41558381  1.72037397  0.45061174  0.04105155],0.9955203311575994,56.5170698436341,B9,PM1,Rep02,B02,D-Sorbitol,57.542805,75.4176646300518,-18.900594786417706,57.542805,0.0
mB,,25.0016,94.9409,[-1.22137461  0.32769011 -0.29466758  1.60919531  0.45610422  0.04278726],0.9982422437464333,56.901209600152434,B9,PM1,Rep02,B03,Glycerol,57.542805,75.4176646300518,-18.51645502989937,57.542805,0.0
mB,,25.0016,94.9409,[-0.87482881  0.27686974  0.12905879  0.98514366  0.43275115  0.02344329],0.9189866249339992,55.267912170227234,B9,PM1,Rep02,B04,L-Fucose,57.542805,75.4176646300518,-20.14975245982457,57.542805,0.0
mB,,25.0016,94.9409,[-1.1003071   0.3023155  -0.60894132  1.7868702   0.46046942  0.03949213],0.9950632349640113,57.20650888458984,B9,PM1,Rep02,B05,D-Glucuronic Acid,58.028492,75.4176646300518,-18.211155745461966,57.542805,0.48568699999999865
mB,,25.0016,94.9409,[-1.61189471  0.38222683 -0.05611932  1.65643756  0.45186633  0.05525174],0.9849181346247757,56.604814948988185,B9,PM1,Rep02,B06,D-Gluconic Acid,57.057114,75.4176646300518,-18.812849681063618,57.542805,-0.48569100000000276
mB,,25.0016,94.9409,[-1.45640302  0.37466824  0.27125034  1.33473292  0.43689445  0.04248716],0.9601468739994463,55.55769187898292,B9,PM1,Rep02,B07,DL-Glycerol Phosphate,57.057114,75.4176646300518,-19.85997275106888,57.542805,-0.48569100000000276
mB,,25.0016,94.9409,[-1.51614524  0.32644483 -0.2168653   1.77166129  0.46200079  0.06525838],0.9797837249743198,57.313612053686384,B9,PM1,Rep02,B08,D-Xylose,57.057114,75.4176646300518,-18.10405257636542,57.542805,-0.48569100000000276
mB,,25.0016,94.9409,[-0.8188638   0.26750267  0.02616873  0.99931044  0.43624676  0.02215461],0.9466064894598452,55.51239304080762,B9,PM1,Rep02,B09,L-Lactic Acid,57.542805,75.4176646300518,-19.90527158924418,57.542805,0.0
mB,,25.0016,94.9409,[-1.66965971  0.34165434 -0.5878733   2.27758221  0.48118166  0.07444981],0.9939757440722029,58.65510846567564,B9,PM1,Rep02,B10,Formic Acid,57.057114,75.4176646300518,-16.762556164376164,57.542805,-0.48569100000000276
mB,,25.0016,94.9409,[-1.37883784  0.33945894 -0.26244924  1.75502097  0.45646764  0.05015779],0.9949935353171391,56.92662756079328,B9,PM1,Rep02,B11,D-Mannitol,57.542805,75.4176646300518,-18.491037069258525,57.542805,0.0
mB,,25.0016,94.9409,[-1.18397827  0.30839125 -0.40046122  1.72618912  0.45767339  0.04556532],0.996666348089715,57.01095628621232,B9,PM1,Rep02,B12,L-Glutamic Acid,57.542805,75.4176646300518,-18.406708343839483,57.542805,0.0
mB,,25.0016,94.9409,[-1.18910486  0.31828707 -0.50008258  1.75755119  0.45182284  0.04092022],0.9959780167269744,56.60177345142081,B9,PM1,Rep02,C01,D-Glucose-6-Phosphate,57.542805,75.4176646300518,-18.81589117863099,57.542805,0.0
mB,,25.0016,94.9409,[-0.96182316  0.28903916  0.15980325  1.10121212  0.43673151  0.02799629],0.9649939952140614,55.54629604171066,B9,PM1,Rep02,C02,D-Galactonic Acid-gamma-Lactone,57.542805,75.4176646300518,-19.87136858834114,57.542805,0.0
mB,,25.0016,94.9409,[-1.40271438  0.35300704 -0.21674091  1.67659727  0.45323938  0.04786564],0.9959468428898688,56.700844760611275,B9,PM1,Rep02,C03,DL-Malic Acid,57.057114,75.4176646300518,-18.716819869440528,57.542805,-0.48569100000000276
mB,,25.0016,94.9409,[-1.11195293  0.30086504 -0.44858467  1.65019476  0.4573358   0.04177338],0.9976564413933924,56.98734571590661,B9,PM1,Rep02,C04,D-Ribose,57.542805,75.4176646300518,-18.43031891414519,57.542805,0.0
mB,,25.0016,94.9409,[-1.2120424   0.39286481 -1.07893917  1.89718326  0.46889071  0.02475404],0.992468705635821,57.795488104781,B9,PM1,Rep02,C05,Tween 20,58.999874,75.4176646300518,-17.622176525270802,57.542805,1.457068999999997
mB,,25.0016,94.9409,[-1.15699451  0.2957077  -0.5785902   1.78931302  0.46632428  0.04842316],0.9982481814701623,57.61599400560911,B9,PM1,Rep02,C06,L-Rhamnose,57.542805,75.4176646300518,-17.801670624442693,57.542805,0.0
mB,,25.0016,94.9409,"[ 1.38661621e+00 -9.34634360e-02 -3.13777671e+00  2.22927731e+00
  7.47813970e-01  4.70214567e-05]",0.6586702218951765,77.30318557485525,B9,PM1,Rep02,C07,D-Fructose,58.028492,75.4176646300518,1.8855209448034458,57.542805,0.48568699999999865
mB,,25.0016,94.9409,[-0.9344833   0.27894197 -0.54186187  1.57019007  0.4530566   0.03199253],0.9934234166852871,56.68806121656203,B9,PM1,Rep02,C08,Acetic Acid,58.028492,75.4176646300518,-18.72960341348977,57.542805,0.48568699999999865
mB,,25.0016,94.9409,[-1.29809003  0.32612795 -0.46957285  1.8023283   0.46293258  0.05064925],0.9962651119315514,57.37878083214905,B9,PM1,Rep02,C09,alpha-D-Glucose,57.057114,75.4176646300518,-18.038883797902756,57.542805,-0.48569100000000276
mB,,25.0016,94.9409,[-1.1901854   0.29924353 -0.44261809  1.71358553  0.47074275  0.05280096],0.9962142661816803,57.9250183887883,B9,PM1,Rep02,C10,Maltose,57.542805,75.4176646300518,-17.4926462412635,57.542805,0.0
mB,,25.0016,94.9409,[-1.05509699  0.28912274 -0.57093745  1.73428004  0.45856524  0.04036374],0.9964366672038311,57.07333173518268,B9,PM1,Rep02,C11,D-Melibiose,58.028492,75.4176646300518,-18.344332894869126,57.542805,0.48568699999999865
mB,,25.0016,94.9409,[-1.36222187  0.34736224 -0.27534342  1.74138557  0.45653872  0.04790997],0.9962805666978551,56.931598531155075,B9,PM1,Rep02,C12,Thymidine,57.057114,75.4176646300518,-18.48606609889673,57.542805,-0.48569100000000276
mB,,25.0016,94.9409,[-1.09539151  0.30609995 -0.51244983  1.67977812  0.4497564   0.03689361],0.9959054562920309,56.45724749888995,B9,PM1,Rep02,D01,L-Asparagine,57.542805,75.4176646300518,-18.960417131161854,57.542805,0.0
mB,,25.0016,94.9409,[-1.02156823  0.31559122  0.36778552  0.92793018  0.43159782  0.02535477],0.9379856179222836,55.18724960227738,B9,PM1,Rep02,D02,D-Aspartic Acid,57.542805,75.4176646300518,-20.23041502777442,57.542805,0.0
mB,,25.0016,94.9409,[-0.93176241  0.29464054  0.01386747  1.05590249  0.434322    0.02334791],0.9672715850058005,55.37777654660131,B9,PM1,Rep02,D03,D-Glucosaminic Acid,57.542805,75.4176646300518,-20.039888083450492,57.542805,0.0
mB,,25.0016,94.9409,[-1.19908987  0.31335424 -0.40482227  1.70853886  0.45569892  0.04456203],0.9958385144449918,56.872863160174745,B9,PM1,Rep02,D04,1_2-Propanediol,57.542805,75.4176646300518,-18.544801469877058,57.542805,0.0
mB,,25.0016,94.9409,[-1.36239448  0.72512127 -0.57834667  1.20232265  0.46629629  0.01478147],0.9764155367398689,57.61403593310851,B9,PM1,Rep02,D05,Tween 40,58.514183,75.4176646300518,-17.803628696943292,57.542805,0.9713780000000014
mB,,25.0016,94.9409,[-1.89618313  0.34649048 -0.52788446  2.43625361  0.48935093  0.08807409],0.9793295073583649,59.226461667258874,B9,PM1,Rep02,D06,alpha-Keto-Glutaric Acid,67.74229,75.4176646300518,-16.19120296279293,57.542805,10.199484999999996
mB,,25.0016,94.9409,[-0.96147896  0.273568   -0.64006703  1.67999551  0.45603487  0.03553966],0.9951092682281968,56.896359785910086,B9,PM1,Rep02,D07,alpha-Keto-Butyric Acid,58.028492,75.4176646300518,-18.521304844141717,57.542805,0.48568699999999865
mB,,25.0016,94.9409,[-1.04874712  0.29438443 -0.43945927  1.60194333  0.4537606   0.03708846],0.9966686472319818,56.737298876355254,B9,PM1,Rep02,D08,alpha-Methyl-D-Galactoside,58.028492,75.4176646300518,-18.68036575369655,57.542805,0.48568699999999865
mB,,25.0016,94.9409,[-1.88817423  0.39181597  0.2670342   1.65956103  0.44558243  0.06740274],0.9567663301368717,56.16532296416502,B9,PM1,Rep02,D09,alpha-D-Lactose,57.057114,75.4176646300518,-19.25234166588678,57.542805,-0.48569100000000276
mB,,25.0016,94.9409,[-1.0224823   0.29319924 -0.50624099  1.61911968  0.45591414  0.03678065],0.9922385111534893,56.88791605088103,B9,PM1,Rep02,D10,Lactulose,58.028492,75.4176646300518,-18.52974857917077,57.542805,0.48568699999999865
mB,,25.0016,94.9409,[-1.09555922  0.30314153 -0.46167156  1.64129828  0.45388474  0.03910242],0.9954134930007142,56.745980674241906,B9,PM1,Rep02,D11,Sucrose,57.542805,75.4176646300518,-18.671683955809897,57.542805,0.0
mB,,25.0016,94.9409,[-1.23673553  0.33495984 -0.2210887   1.54919906  0.44898086  0.04047562],0.9931444168349829,56.40300741131932,B9,PM1,Rep02,D12,Uridine,57.057114,75.4176646300518,-19.01465721873248,57.542805,-0.48569100000000276
mB,,25.0016,94.9409,[-1.18077747  0.31769421 -0.44353016  1.69335689  0.44888167  0.03994372],0.9976943445614245,56.396069889746244,B9,PM1,Rep02,E01,L-Glutamine,57.057114,75.4176646300518,-19.02159474030556,57.542805,-0.48569100000000276
mB,,25.0016,94.9409,[-1.11470877  0.32582271  0.04485933  1.20410353  0.43312281  0.02969748],0.9861646832102298,55.29390597635056,B9,PM1,Rep02,E02,m-Tartaric Acid,57.057114,75.4176646300518,-20.123758653701245,57.542805,-0.48569100000000276
mB,,25.0016,94.9409,[-1.1214054   0.31858091 -0.2976502   1.50418932  0.44756874  0.03496739],0.9902570755261629,56.30424444525589,B9,PM1,Rep02,E03,D-Glucose-1-Phosphate,57.542805,75.4176646300518,-19.113420184795913,57.542805,0.0
mB,,25.0016,94.9409,[-1.37631319  0.37560851  0.14605404  1.33541674  0.43621428  0.03719922],0.9831345381788984,55.51012165174398,B9,PM1,Rep02,E04,D-Fructose-6-Phosphate,57.057114,75.4176646300518,-19.907542978307823,57.542805,-0.48569100000000276
mB,,25.0016,94.9409,[-1.69468457  0.80821639 -0.53979801  1.36478499  0.4678974   0.02038384],0.9911375043487055,57.72601693758931,B9,PM1,Rep02,E05,Tween 80,58.999874,75.4176646300518,-17.691647692462496,57.542805,1.457068999999997
mB,,25.0016,94.9409,[-0.99820932  0.30494535 -0.35678685  1.45351152  0.45021042  0.03019605],0.9905716725701921,56.48900185688909,B9,PM1,Rep02,E06,alpha-Hydroxy Glutaric Acid-gamma-Lactone,58.028492,75.4176646300518,-18.928662773162714,57.542805,0.48568699999999865
mB,,25.0016,94.9409,[-1.10061962  0.30902491 -0.37799541  1.586304    0.4542892   0.03758119],0.9913941196036953,56.774268447933956,B9,PM1,Rep02,E07,alpha-Hydroxy Butyric Acid,58.514183,75.4176646300518,-18.643396182117847,57.542805,0.9713780000000014
mB,,25.0016,94.9409,[-1.00958094  0.29342035 -0.61532268  1.67117176  0.45554463  0.0347932 ],0.9960454266533282,56.862072671390706,B9,PM1,Rep02,E08,beta-Methyl-D-Glucoside,58.028492,75.4176646300518,-18.555591958661097,57.542805,0.48568699999999865
mB,,25.0016,94.9409,[-0.99811831  0.28486716 -0.55538209  1.65118577  0.45629724  0.03630235],0.9962353316810987,56.91470982487367,B9,PM1,Rep02,E09,Adonitol,58.028492,75.4176646300518,-18.502954805178135,57.542805,0.48568699999999865
mB,,25.0016,94.9409,[-0.93924907  0.27693243 -0.67027611  1.65628055  0.45354383  0.03303171],0.9947735159257709,56.72213814469781,B9,PM1,Rep02,E10,Maltotriose,58.028492,75.4176646300518,-18.695526485353994,57.542805,0.48568699999999865
mB,,25.0016,94.9409,[-1.48342772  0.41592079 -0.17757631  1.6128118   0.45429829  0.0400222 ],0.9928762470019904,56.774904742229126,B9,PM1,Rep02,E11,2-Deoxy Adenosine,58.028492,75.4176646300518,-18.642759887822677,57.542805,0.48568699999999865
mB,,25.0016,94.9409,[-1.53872178  0.41273481 -0.1649491   1.65941397  0.45340736  0.04372825],0.9962581641655225,56.7125931759319,B9,PM1,Rep02,E12,Adenosine,57.542805,75.4176646300518,-18.705071454119903,57.542805,0.0
mB,,25.0016,94.9409,[-1.09486638  0.29728209 -0.42987572  1.64686255  0.44770456  0.03804149],0.9934192720546184,56.31374327685962,B9,PM1,Rep02,F01,Glycyl-L-Aspartic Acid,57.057114,75.4176646300518,-19.103921353192185,57.542805,-0.48569100000000276
mB,,25.0016,94.9409,[-0.91908714  0.29433234  0.21325931  0.93114898  0.43140998  0.02254925],0.949923904188006,55.17411172632126,B9,PM1,Rep02,F02,Citric Acid,57.542805,75.4176646300518,-20.243552903730546,57.542805,0.0
mB,,25.0016,94.9409,[-0.89218837  0.28367806  0.1912653   0.92849858  0.43268808  0.02220664],0.9275388675892133,55.26350160581184,B9,PM1,Rep02,F03,m-Inositol,57.542805,75.4176646300518,-20.154163024239963,57.542805,0.0
mB,,25.0016,94.9409,[-1.66152367  0.38435104  0.51703218  1.2834333   0.43563838  0.05411051],0.9361740909108639,55.46984366830476,B9,PM1,Rep02,F04,D-Threonine,57.057114,75.4176646300518,-19.94782096174704,57.542805,-0.48569100000000276
mB,,25.0016,94.9409,[-1.34539194  0.37620402  0.18225084  1.26585821  0.4366119   0.03507949],0.9767148418828243,55.537930727396,B9,PM1,Rep02,F05,Fumaric Acid,57.542805,75.4176646300518,-19.8797339026558,57.542805,0.0
mB,,25.0016,94.9409,[-1.47547359  0.36952677 -0.14247774  1.67245327  0.44590706  0.04621857],0.9826927675256553,56.18802738573594,B9,PM1,Rep02,F06,Bromo Succinic Acid,57.542805,75.4176646300518,-19.22963724431586,57.542805,0.0
mB,,25.0016,94.9409,[-0.77811772  0.25206356 -0.36591421  1.20999117  0.4390885   0.02237026],0.9377094049094777,55.711142353652605,B9,PM1,Rep02,F07,Propionic Acid,57.542805,75.4176646300518,-19.7065222763992,57.542805,0.0
mB,,25.0016,94.9409,[-1.72490872  0.37390102  0.10854817  1.68999337  0.45159537  0.06343192],0.9822911450324736,56.585863713520894,B9,PM1,Rep02,F08,Mucic Acid,57.057114,75.4176646300518,-18.83180091653091,57.542805,-0.48569100000000276
mB,,25.0016,94.9409,[-0.95758659  0.2760673  -0.59573721  1.63951348  0.45388971  0.03502692],0.9958966629250422,56.74632828651184,B9,PM1,Rep02,F09,Glycolic Acid,58.028492,75.4176646300518,-18.671336343539963,57.542805,0.48568699999999865
mB,,25.0016,94.9409,[-1.08368526  0.28430086 -0.59905726  1.77829565  0.4585028   0.04320557],0.9980021653415644,57.06896454303727,B9,PM1,Rep02,F10,Glyoxylic Acid,57.542805,75.4176646300518,-18.348700087014535,57.542805,0.0
mB,,25.0016,94.9409,[-1.0630106   0.29286278 -0.62576261  1.72912911  0.4544357   0.03877749],0.9973551777076362,56.784515039998624,B9,PM1,Rep02,F11,D-Cellobiose,57.542805,75.4176646300518,-18.63314959005318,57.542805,0.0
mB,,25.0016,94.9409,[-1.34268863  0.38091252 -0.39809158  1.69056228  0.45531684  0.0378692 ],0.9950279612293813,56.84614138056309,B9,PM1,Rep02,F12,Inosine,58.028492,75.4176646300518,-18.571523249488713,57.542805,0.48568699999999865
mB,,25.0016,94.9409,[-1.14672355  0.31047868 -0.42394672  1.66158694  0.44842611  0.03892295],0.9937442065981065,56.36420804317849,B9,PM1,Rep02,G01,Glycyl-L-Glutamic Acid,57.542805,75.4176646300518,-19.05345658687331,57.542805,0.0
mB,,25.0016,94.9409,[-1.22324339  0.32447876 -0.31459851  1.65170083  0.44728221  0.04070592],0.9927894541503417,56.284204667980376,B9,PM1,Rep02,G02,Tricarballylic Acid,57.057114,75.4176646300518,-19.133459962071427,57.542805,-0.48569100000000276
mB,,25.0016,94.9409,[-1.10098898  0.30597111 -0.53140122  1.68629538  0.45035245  0.03693022],0.9960212804417687,56.498935114582444,B9,PM1,Rep02,G03,L-Serine,57.542805,75.4176646300518,-18.91872951546936,57.542805,0.0
mB,,25.0016,94.9409,[-1.14003423  0.32304862 -0.20725846  1.47358408  0.4467295   0.03578745],0.9945728317682193,56.24554872409773,B9,PM1,Rep02,G04,L-Threonine,57.542805,75.4176646300518,-19.172115905954072,57.542805,0.0
mB,,25.0016,94.9409,[-1.17769393  0.32891011 -0.32140371  1.57674419  0.45013645  0.03680958],0.9949689296443592,56.483828371836694,B9,PM1,Rep02,G05,L-Alanine,57.542805,75.4176646300518,-18.93383625821511,57.542805,0.0
mB,,25.0016,94.9409,[-1.06343631  0.30382336 -0.37139011  1.52981626  0.44972723  0.03541714],0.9938969228737613,56.455207495629836,B9,PM1,Rep02,G06,L-Alanyl-Glycine,57.542805,75.4176646300518,-18.962457134421967,57.542805,0.0
mB,,25.0016,94.9409,[-0.99079914  0.29094928 -0.51955525  1.60376329  0.45382434  0.03379136],0.9958691500593884,56.74175648784353,B9,PM1,Rep02,G07,Acetoacetic Acid,58.028492,75.4176646300518,-18.67590814220827,57.542805,0.48568699999999865
mB,,25.0016,94.9409,[-0.97498026  0.28511513 -0.53237518  1.61082356  0.45374701  0.03393399],0.9948528937574155,56.73634851209012,B9,PM1,Rep02,G08,N-Acetyl-beta-D-Mannosamine,58.028492,75.4176646300518,-18.681316117961686,57.542805,0.48568699999999865
mB,,25.0016,94.9409,[-1.04542613  0.29350514 -0.60020544  1.71419677  0.45487706  0.03788155],0.9973741870644978,56.81538345903461,B9,PM1,Rep02,G09,Mono Methyl Succinate,57.542805,75.4176646300518,-18.602281171017196,57.542805,0.0
mB,,25.0016,94.9409,[-1.52560541  0.3375642  -0.10620847  1.71121091  0.4590327   0.06260522],0.9864562096397106,57.10602539041885,B9,PM1,Rep02,G10,Methyl Pyruvate,57.057114,75.4176646300518,-18.311639239632953,57.542805,-0.48569100000000276
mB,,25.0016,94.9409,[-1.48302036  0.34990834 -0.25098154  1.7884774   0.45903764  0.05656299],0.9951282672517532,57.106370952649456,B9,PM1,Rep02,G11,D-Malic Acid,57.057114,75.4176646300518,-18.311293677402347,57.542805,-0.48569100000000276
mB,,25.0016,94.9409,[-1.66378471  0.36872132  0.01374968  1.71202663  0.44914901  0.05944183],0.9775489109246172,56.41476726587901,B9,PM1,Rep02,G12,L-Malic Acid,57.057114,75.4176646300518,-19.002897364172796,57.542805,-0.48569100000000276
mB,,25.0016,94.9409,[-1.14785072  0.32103645 -0.04671978  1.36003483  0.43767482  0.0348094 ],0.9916052054983238,55.61227030130112,B9,PM1,Rep02,H01,Glycyl-L-Proline,57.057114,75.4176646300518,-19.80539432875068,57.542805,-0.48569100000000276
mB,,25.0016,94.9409,[-1.0694604   0.29161156 -0.26079867  1.52433923  0.44361699  0.03685586],0.9922092562986983,56.02786160578308,B9,PM1,Rep02,H02,p-Hydroxy Phenyl Acetic Acid,57.057114,75.4176646300518,-19.389803024268723,57.542805,-0.48569100000000276
mB,,25.0016,94.9409,[-1.03344314  0.29257713 -0.30812758  1.50771162  0.44401919  0.03419541],0.9961367839523415,56.05599101185341,B9,PM1,Rep02,H03,m-Hydroxy Phenyl Acetic Acid,57.057114,75.4176646300518,-19.361673618198395,57.542805,-0.48569100000000276
mB,,25.0016,94.9409,[-1.36420806  0.34548905  0.06997993  1.4738017   0.44318019  0.04494299],0.9916407855820694,55.99731226620307,B9,PM1,Rep02,H04,Tyramine,57.057114,75.4176646300518,-19.420352363848735,57.542805,-0.48569100000000276
mB,,25.0016,94.9409,[-1.1972264   0.33415797 -0.05347209  1.42648435  0.44259782  0.03590565],0.9957656604117305,55.956582024057,B9,PM1,Rep02,H05,D-Psicose,57.057114,75.4176646300518,-19.461082605994804,57.542805,-0.48569100000000276
mB,,25.0016,94.9409,[-1.20922205  0.3338782  -0.10685146  1.46859433  0.44223519  0.03675006],0.9927531155643222,55.93121977159172,B9,PM1,Rep02,H06,L-Lyxose,57.057114,75.4176646300518,-19.486444858460082,57.542805,-0.48569100000000276
mB,,25.0016,94.9409,[-1.0682334   0.30206467 -0.49205406  1.63560951  0.45141614  0.0363895 ],0.9963058656551044,56.57332886288286,B9,PM1,Rep02,H07,Glucuronamide,57.542805,75.4176646300518,-18.844335767168943,57.542805,0.0
mB,,25.0016,94.9409,[-0.79453079  0.25787099 -0.26348572  1.16824425  0.43880112  0.02251415],0.9552179147886906,55.6910431499895,B9,PM1,Rep02,H08,Pyruvic Acid,57.542805,75.4176646300518,-19.726621480062306,57.542805,0.0
mB,,25.0016,94.9409,[-1.29874242  0.34624588 -0.06823241  1.48917047  0.44114631  0.03992641],0.987406787372487,55.8550642685593,B9,PM1,Rep02,H09,L-Galactonic Acid-gamma-Lactone,57.057114,75.4176646300518,-19.5626003614925,57.542805,-0.48569100000000276
mB,,25.0016,94.9409,[-1.13617523  0.32945754  0.26193111  1.0809311   0.43443838  0.03122706],0.9549726305981593,55.38591609784418,B9,PM1,Rep02,H10,D-Galacturonic Acid,57.542805,75.4176646300518,-20.031748532207622,57.542805,0.0
mB,,25.0016,94.9409,[-1.03026461  0.31712884  0.13650948  1.02965854  0.42912954  0.02499247],0.9619810161173692,55.01461969543523,B9,PM1,Rep02,H11,Phenylethyl-amine,57.057114,75.4176646300518,-20.403044934616574,57.542805,-0.48569100000000276
mB,,25.0016,94.9409,[-1.46569644  0.34156011 -0.37936505  1.91620991  0.45699689  0.0551799 ],0.9947517712448875,56.9636423845759,B9,PM1,Rep02,H12,2-Aminoethanol,57.057114,75.4176646300518,-18.454022245475905,57.542805,-0.48569100000000276
mB,,25.0025,94.8852,[-1.18758536  0.34436657 -0.0871234   1.37515676  0.43967059  0.03284071],0.9895271314788266,55.72786799688134,B9,PM1,Rep01,A02,L-Arabinose,57.03207,75.4176646300518,-19.68979663317046,57.542805,-0.5107350000000039
mB,,25.0025,94.8852,[-1.24935964  0.38218471 -0.04516536  1.2915016   0.43840315  0.02919829],0.982247893190025,55.639295776969796,B9,PM1,Rep01,A03,N-Acetyl-D-Glucosamine,57.03207,75.4176646300518,-19.778368853082007,57.542805,-0.5107350000000039
mB,,25.0025,94.8852,[-1.16616347  0.35765332 -0.02959045  1.28075731  0.44662612  0.02970056],0.9786337613847815,56.21393942384705,B9,PM1,Rep01,A04,D-Saccharic Acid,58.002663,75.4176646300518,-19.20372520620475,57.542805,0.459857999999997
mB,,25.0025,94.8852,[-0.95455449  0.30150216 -0.30827424  1.2948859   0.44083056  0.02555331],0.9801220076026672,55.80892949608562,B9,PM1,Rep01,A05,Succinic Acid,57.51737,75.4176646300518,-19.608735133966185,57.542805,-0.02543500000000165
mB,,25.0025,94.8852,[-0.96692327  0.30154001 -0.20703768  1.2827513   0.44226869  0.02724716],0.981961165628318,55.90942985244597,B9,PM1,Rep01,A06,D-Galactose,57.51737,75.4176646300518,-19.508234777605836,57.542805,-0.02543500000000165
mB,,25.0025,94.8852,"[ 1.32791461e+00 -6.73432173e-02 -2.71644653e+00  1.84813913e+00
  6.94080334e-01  4.54537067e-04]",0.6263516506091701,73.50670778564849,B9,PM1,Rep01,A07,L-Aspartic Acid,57.51737,75.4176646300518,-1.9109568444033158,57.542805,-0.02543500000000165
mB,,25.0025,94.8852,[-1.16334709  0.32399437 -0.34375443  1.56401281  0.44498885  0.03684832],0.9828136030747444,56.09952202926465,B9,PM1,Rep01,A08,L-Proline,57.51737,75.4176646300518,-19.318142600787155,57.542805,-0.02543500000000165
mB,,25.0025,94.8852,[-1.24290455  0.33074688 -0.34013548  1.59625725  0.44783583  0.04130322],0.982246922905553,56.29847681077104,B9,PM1,Rep01,A09,D-Alanine,57.51737,75.4176646300518,-19.11918781928076,57.542805,-0.02543500000000165
mB,,25.0025,94.8852,[-0.95385718  0.28230339 -0.60049844  1.64955029  0.45551047  0.03387263],0.995320003197603,56.834801687967264,B9,PM1,Rep01,A10,D-Trehalose,58.002663,75.4176646300518,-18.58286294208454,57.542805,0.459857999999997
mB,,25.0025,94.8852,[-1.03331112  0.2984326  -0.59332025  1.70094198  0.45656599  0.03599603],0.9947663337450424,56.90856388778171,B9,PM1,Rep01,A11,D-Mannose,57.51737,75.4176646300518,-18.509100742270093,57.542805,-0.02543500000000165
mB,,25.0025,94.8852,[-1.01632414  0.29843433 -0.5971049   1.67264493  0.45958024  0.03603876],0.9948249648917189,57.11920808022812,B9,PM1,Rep01,A12,Dulcitol,58.48796,75.4176646300518,-18.298456549823683,57.542805,0.9451549999999997
mB,,25.0025,94.8852,[-1.26622403  0.35221009 -0.13660354  1.49836232  0.44214017  0.03714952],0.9931398926969517,55.90044859247434,B9,PM1,Rep01,B01,D-Serine,57.03207,75.4176646300518,-19.517216037577462,57.542805,-0.5107350000000039
mB,,25.0025,94.8852,[-1.18578154  0.33951282 -0.06617489  1.37368927  0.43797081  0.03359176],0.9926478142514196,55.60908278400868,B9,PM1,Rep01,B02,D-Sorbitol,57.03207,75.4176646300518,-19.808581846043126,57.542805,-0.5107350000000039
mB,,25.0025,94.8852,[-1.26829406  0.35054861 -0.21443645  1.53481824  0.44250776  0.03744826],0.9895405441876843,55.9261372705204,B9,PM1,Rep01,B03,Glycerol,57.03207,75.4176646300518,-19.491527359531403,57.542805,-0.5107350000000039
mB,,25.0025,94.8852,[-1.01996563  0.3105631  -0.17826221  1.29959054  0.43863484  0.02853869],0.9875211557377123,55.655487263380635,B9,PM1,Rep01,B04,L-Fucose,57.51737,75.4176646300518,-19.762177366671168,57.542805,-0.02543500000000165
mB,,25.0025,94.8852,[-1.03807223  0.30292463 -0.5961434   1.70250468  0.45984884  0.03642805],0.9958530746455461,57.13797847646336,B9,PM1,Rep01,B05,D-Glucuronic Acid,58.48796,75.4176646300518,-18.279686153588443,57.542805,0.9451549999999997
mB,,25.0025,94.8852,[-0.9982152   0.31033144 -0.29494431  1.32484887  0.44151677  0.02718556],0.9806150631669285,55.85688379887114,B9,PM1,Rep01,B06,D-Gluconic Acid,57.51737,75.4176646300518,-19.560780831180665,57.542805,-0.02543500000000165
mB,,25.0025,94.8852,[-0.89453366  0.28055586 -0.28573912  1.27107171  0.43966302  0.02576341],0.9765417169094219,55.727338846564194,B9,PM1,Rep01,B07,DL-Glycerol Phosphate,57.51737,75.4176646300518,-19.69032578348761,57.542805,-0.02543500000000165
mB,,25.0025,94.8852,[-0.83092178  0.26869392 -0.45168112  1.33525934  0.44219239  0.02420235],0.9830033313948056,55.90409806615925,B9,PM1,Rep01,B08,D-Xylose,57.51737,75.4176646300518,-19.513566563892553,57.542805,-0.02543500000000165
mB,,25.0025,94.8852,[-0.90971562  0.28136822 -0.34300201  1.35079675  0.44221928  0.02774373],0.9824994383503213,55.90597757106117,B9,PM1,Rep01,B09,L-Lactic Acid,57.51737,75.4176646300518,-19.51168705899063,57.542805,-0.02543500000000165
mB,,25.0025,94.8852,[-0.86376366  0.27830817 -0.21501669  1.21018067  0.44134767  0.02426103],0.9716188637597464,55.84506653288149,B9,PM1,Rep01,B10,Formic Acid,57.51737,75.4176646300518,-19.572598097170314,57.542805,-0.02543500000000165
mB,,25.0025,94.8852,[-0.99783339  0.29106448 -0.67097844  1.7247418   0.45837855  0.03579527],0.9971899342061973,57.035230842799606,B9,PM1,Rep01,B11,D-Mannitol,58.002663,75.4176646300518,-18.382433787252197,57.542805,0.459857999999997
mB,,25.0025,94.8852,[-1.06835887  0.31495887 -0.20927757  1.37353649  0.4428036   0.03119099],0.9786628247264296,55.94681116625612,B9,PM1,Rep01,B12,L-Glutamic Acid,57.51737,75.4176646300518,-19.470853463795684,57.542805,-0.02543500000000165
mB,,25.0025,94.8852,[-1.21893562  0.33763057 -0.37430273  1.65211056  0.44839768  0.03835912],0.9947004192053359,56.33774086565289,B9,PM1,Rep01,C01,D-Glucose-6-Phosphate,57.03207,75.4176646300518,-19.079923764398913,57.542805,-0.5107350000000039
mB,,25.0025,94.8852,[-0.96600954  0.27547262 -0.61908893  1.68468911  0.45261388  0.03544211],0.996996643724822,56.632380006104114,B9,PM1,Rep01,C02,D-Galactonic Acid-gamma-Lactone,57.51737,75.4176646300518,-18.78528462394769,57.542805,-0.02543500000000165
mB,,25.0025,94.8852,[-1.21325726  0.34175421 -0.19432421  1.46088401  0.4393967   0.03498695],0.9866183399973568,55.70872765155638,B9,PM1,Rep01,C03,DL-Malic Acid,57.03207,75.4176646300518,-19.708936978495423,57.542805,-0.5107350000000039
mB,,25.0025,94.8852,[-0.96639359  0.29734889 -0.22895692  1.29960714  0.43868698  0.02752442],0.98882879466124,55.65913081275881,B9,PM1,Rep01,C04,D-Ribose,57.51737,75.4176646300518,-19.758533817292992,57.542805,-0.02543500000000165
mB,,25.0025,94.8852,[-1.02062283  0.39558387 -1.09252937  1.69180465  0.46421947  0.02084326],0.991183377394599,57.44340992801666,B9,PM1,Rep01,C05,Tween 20,58.48796,75.4176646300518,-17.97425470203514,57.542805,0.9451549999999997
mB,,25.0025,94.8852,[-1.06687407  0.29484932 -0.50787909  1.67000086  0.45917449  0.04118655],0.9975440365229173,57.09085324649902,B9,PM1,Rep01,C06,L-Rhamnose,57.51737,75.4176646300518,-18.32681138355278,57.542805,-0.02543500000000165
mB,,25.0025,94.8852,[-0.89439775  0.27728893 -0.60636378  1.53999037  0.45093664  0.02959748],0.9928134556883322,56.51516996880903,B9,PM1,Rep01,C07,D-Fructose,58.002663,75.4176646300518,-18.90249466124277,57.542805,0.459857999999997
mB,,25.0025,94.8852,[-1.09994693  0.31105682 -0.44162022  1.5830012   0.44951296  0.03667398],0.9962506457413213,56.415679394510434,B9,PM1,Rep01,C08,Acetic Acid,57.03207,75.4176646300518,-19.00198523554137,57.542805,-0.5107350000000039
mB,,25.0025,94.8852,[-0.91412535  0.28100072 -0.59489862  1.56925539  0.45180287  0.03007835],0.9943830301386187,56.575704579280185,B9,PM1,Rep01,C09,alpha-D-Glucose,58.002663,75.4176646300518,-18.84196005077162,57.542805,0.459857999999997
mB,,25.0025,94.8852,[-1.13057065  0.32442535 -0.19355128  1.44108896  0.44554964  0.03482041],0.993084989819081,56.13871180435994,B9,PM1,Rep01,C10,Maltose,57.03207,75.4176646300518,-19.27895282569186,57.542805,-0.5107350000000039
mB,,25.0025,94.8852,[-0.97697527  0.29299547 -0.59927019  1.62549803  0.45612324  0.03334708],0.9940401017776698,56.87762363914402,B9,PM1,Rep01,C11,D-Melibiose,58.002663,75.4176646300518,-18.540040990907784,57.542805,0.459857999999997
mB,,25.0025,94.8852,[-1.02937106  0.31115514 -0.59540084  1.63188659  0.45352539  0.03227033],0.9961347330640671,56.696078436323084,B9,PM1,Rep01,C12,Thymidine,58.002663,75.4176646300518,-18.72158619372872,57.542805,0.459857999999997
mB,,25.0025,94.8852,[-1.14661625  0.3239897  -0.30084521  1.53382158  0.4431423   0.03524102],0.9941493118750842,55.97048041357191,B9,PM1,Rep01,D01,L-Asparagine,57.03207,75.4176646300518,-19.44718421647989,57.542805,-0.5107350000000039
mB,,25.0025,94.8852,[-1.3740189   0.36440009 -0.13993071  1.60484656  0.44514754  0.04173233],0.9925265519579858,56.11061196278929,B9,PM1,Rep01,D02,D-Aspartic Acid,57.03207,75.4176646300518,-19.30705266726251,57.542805,-0.5107350000000039
mB,,25.0025,94.8852,[-1.28417284  0.35249927 -0.30656865  1.62918708  0.44711924  0.03921064],0.9974569890815312,56.24840002420575,B9,PM1,Rep01,D03,D-Glucosaminic Acid,57.03207,75.4176646300518,-19.169264605846053,57.542805,-0.5107350000000039
mB,,25.0025,94.8852,[-0.96639277  0.30365901 -0.22253507  1.23968004  0.435918    0.02483343],0.9801502437337181,55.46562684183691,B9,PM1,Rep01,D04,1_2-Propanediol,57.51737,75.4176646300518,-19.952037788214895,57.542805,-0.02543500000000165
mB,,25.0025,94.8852,[-0.68918105  0.37441027 -1.40191824  1.59687842  0.45034007  0.02081333],0.9590528738885713,56.47348012751655,B9,PM1,Rep01,D05,Tween 40,58.002663,75.4176646300518,-18.94418450253525,57.542805,0.459857999999997
mB,,25.0025,94.8852,[-0.84081172  0.27371095 -0.35613178  1.24044371  0.43988454  0.02261201],0.9599112229369144,55.74281964371778,B9,PM1,Rep01,D06,alpha-Keto-Glutaric Acid,57.51737,75.4176646300518,-19.674844986334023,57.542805,-0.02543500000000165
mB,,25.0025,94.8852,[-0.767707    0.25260387 -0.63324354  1.38255358  0.44422678  0.02253554],0.9600454494038382,56.046267093540266,B9,PM1,Rep01,D07,alpha-Keto-Butyric Acid,57.51737,75.4176646300518,-19.371397536511537,57.542805,-0.02543500000000165
mB,,25.0025,94.8852,[-0.71283331  0.23719009 -0.86918918  1.51396278  0.44750557  0.02290354],0.9744578759218321,56.27539750597346,B9,PM1,Rep01,D08,alpha-Methyl-D-Galactoside,57.51737,75.4176646300518,-19.142267124078344,57.542805,-0.02543500000000165
mB,,25.0025,94.8852,[-0.90405452  0.28975477 -0.41420139  1.33003515  0.44157535  0.02460123],0.9808135518048114,55.86097736821283,B9,PM1,Rep01,D09,alpha-D-Lactose,57.51737,75.4176646300518,-19.556687261838974,57.542805,-0.02543500000000165
mB,,25.0025,94.8852,[-1.0797753   0.31055044 -0.23815152  1.42508801  0.44333474  0.03328439],0.9787387568064665,55.98392834781548,B9,PM1,Rep01,D10,Lactulose,57.51737,75.4176646300518,-19.433736282236325,57.542805,-0.02543500000000165
mB,,25.0025,94.8852,[-0.79028181  0.26142515 -0.54756746  1.31026036  0.44217505  0.02182501],0.932801152686875,55.902886277755144,B9,PM1,Rep01,D11,Sucrose,58.002663,75.4176646300518,-19.51477835229666,57.542805,0.459857999999997
mB,,25.0025,94.8852,[-0.73871468  0.24506796 -0.93637369  1.57765661  0.44930706  0.02325627],0.9872667719396839,56.40129022224003,B9,PM1,Rep01,D12,Uridine,58.002663,75.4176646300518,-19.016374407811774,57.542805,0.459857999999997
mB,,25.0025,94.8852,[-0.81880303  0.26364557 -0.65097467  1.43173713  0.44073492  0.02400979],0.9834358523925395,55.8022463241912,B9,PM1,Rep01,E01,L-Glutamine,57.51737,75.4176646300518,-19.6154183058606,57.542805,-0.02543500000000165
mB,,25.0025,94.8852,[-1.27533318  0.34932202 -0.30106887  1.62166087  0.4453585   0.0384433 ],0.9940331648287809,56.12535477264309,B9,PM1,Rep01,E02,m-Tartaric Acid,57.51737,75.4176646300518,-19.29230985740871,57.542805,-0.02543500000000165
mB,,25.0025,94.8852,[-1.2713375   0.35314388 -0.19426261  1.53074234  0.44301254  0.03711955],0.9914625307378396,55.96141270288402,B9,PM1,Rep01,E03,D-Glucose-1-Phosphate,57.03207,75.4176646300518,-19.456251927167784,57.542805,-0.5107350000000039
mB,,25.0025,94.8852,[-1.06709743  0.30498669 -0.56615061  1.67851636  0.45207781  0.03614217],0.9969722781627753,56.594917647028524,B9,PM1,Rep01,E04,D-Fructose-6-Phosphate,57.51737,75.4176646300518,-18.82274698302328,57.542805,-0.02543500000000165
mB,,25.0025,94.8852,[-1.54530326  0.84112103 -0.42670265  1.10709511  0.46127252  0.01784785],0.9841783462869615,57.23746947668391,B9,PM1,Rep01,E05,Tween 80,58.48796,75.4176646300518,-18.18019515336789,57.542805,0.9451549999999997
mB,,25.0025,94.8852,[-0.85175926  0.27448776 -0.29732048  1.24408245  0.44090463  0.02399275],0.9720002688301196,55.81410606809524,B9,PM1,Rep01,E06,alpha-Hydroxy Glutaric Acid-gamma-Lactone,57.51737,75.4176646300518,-19.60355856195656,57.542805,-0.02543500000000165
mB,,25.0025,94.8852,[-0.94858172  0.28916809 -0.39558111  1.40758655  0.44196424  0.02825194],0.9868023779095465,55.888154234788416,B9,PM1,Rep01,E07,alpha-Hydroxy Butyric Acid,57.51737,75.4176646300518,-19.529510395263387,57.542805,-0.02543500000000165
mB,,25.0025,94.8852,[-0.83963731  0.26958007 -0.3591197   1.27800599  0.4407945   0.02417043],0.9749351501197636,55.806409931069325,B9,PM1,Rep01,E08,beta-Methyl-D-Glucoside,57.51737,75.4176646300518,-19.611254698982478,57.542805,-0.02543500000000165
mB,,25.0025,94.8852,[-0.88982696  0.28191106 -0.31656412  1.28473737  0.44062139  0.02492537],0.9701912740995524,55.7943122258954,B9,PM1,Rep01,E09,Adonitol,57.51737,75.4176646300518,-19.6233524041564,57.542805,-0.02543500000000165
mB,,25.0025,94.8852,[-0.99550311  0.29837876 -0.3160752   1.3948049   0.44321235  0.02955005],0.9851938334196257,55.975375610679436,B9,PM1,Rep01,E10,Maltotriose,57.51737,75.4176646300518,-19.442289019372367,57.542805,-0.02543500000000165
mB,,25.0025,94.8852,[-1.05523142  0.34220844 -0.42282717  1.33177414  0.44301884  0.02287628],0.9556688358943226,55.96185241042035,B9,PM1,Rep01,E11,2-Deoxy Adenosine,57.51737,75.4176646300518,-19.455812219631454,57.542805,-0.02543500000000165
mB,,25.0025,94.8852,[-1.15194402  0.36888347  0.01032699  1.10514176  0.43759735  0.0230477 ],0.9534525864126305,55.58298425321397,B9,PM1,Rep01,E12,Adenosine,57.51737,75.4176646300518,-19.83468037683783,57.542805,-0.02543500000000165
mB,,25.0025,94.8852,[-0.88909459  0.28174636 -0.15484776  1.17608624  0.43535347  0.02431609],0.9800829879008877,55.42617569944363,B9,PM1,Rep01,F01,Glycyl-L-Aspartic Acid,57.51737,75.4176646300518,-19.99148893060817,57.542805,-0.02543500000000165
mB,,25.0025,94.8852,[-1.16858808  0.33651221 -0.0596764   1.32878276  0.43606067  0.03211633],0.9825049755099492,55.475597136780976,B9,PM1,Rep01,F02,Citric Acid,57.03207,75.4176646300518,-19.942067493270827,57.542805,-0.5107350000000039
mB,,25.0025,94.8852,[-1.017985    0.30808715 -0.23835693  1.32319584  0.43864051  0.02827216],0.9769330696844751,55.65588309251187,B9,PM1,Rep01,F03,m-Inositol,57.51737,75.4176646300518,-19.76178153753993,57.542805,-0.02543500000000165
mB,,25.0025,94.8852,[-0.8625577   0.27530522 -0.27955977  1.24769816  0.43800273  0.0243328 ],0.9722536255433009,55.61131330149998,B9,PM1,Rep01,F04,D-Threonine,57.51737,75.4176646300518,-19.80635132855182,57.542805,-0.02543500000000165
mB,,25.0025,94.8852,[ 1.24919047 -0.05060646 -1.84039742  1.05124912  0.64314244  0.00860312],0.51999585376028,69.94703022294892,B9,PM1,Rep01,F05,Fumaric Acid,57.51737,75.4176646300518,-5.470634407102878,57.542805,-0.02543500000000165
mB,,25.0025,94.8852,[-0.83335417  0.27158489 -0.3721747   1.26641373  0.4411399   0.02334127],0.9691804597415616,55.83054705743663,B9,PM1,Rep01,F06,Bromo Succinic Acid,57.51737,75.4176646300518,-19.58711757261517,57.542805,-0.02543500000000165
mB,,25.0025,94.8852,[-0.73751384  0.24452375 -0.63061052  1.36496099  0.44266378  0.02232846],0.959786787333048,55.93704019713229,B9,PM1,Rep01,F07,Propionic Acid,57.51737,75.4176646300518,-19.480624432919512,57.542805,-0.02543500000000165
mB,,25.0025,94.8852,[-0.93551506  0.28380334 -0.40065588  1.41046702  0.44224667  0.02870899],0.9806376187595539,55.907891713997515,B9,PM1,Rep01,F08,Mucic Acid,57.51737,75.4176646300518,-19.50977291605429,57.542805,-0.02543500000000165
mB,,25.0025,94.8852,[-0.86707009  0.27846144 -0.21208298  1.2010055   0.43909003  0.02392765],0.968761390942277,55.68729687992452,B9,PM1,Rep01,F09,Glycolic Acid,57.51737,75.4176646300518,-19.730367750127286,57.542805,-0.02543500000000165
mB,,25.0025,94.8852,[-0.83196954  0.27056594 -0.42653247  1.30507385  0.44150959  0.02351247],0.9758800438123775,55.856382210071516,B9,PM1,Rep01,F10,Glyoxylic Acid,57.51737,75.4176646300518,-19.561282419980287,57.542805,-0.02543500000000165
mB,,25.0025,94.8852,[-0.99588153  0.301789   -0.53059818  1.55731951  0.45230163  0.03213947],0.9949110852567936,56.61055928930503,B9,PM1,Rep01,F11,D-Cellobiose,58.002663,75.4176646300518,-18.807105340746773,57.542805,0.459857999999997
mB,,25.0025,94.8852,[-1.29140496  0.38297442 -0.3451559   1.59215312  0.45403998  0.03493005],0.9955911004207725,56.73203982338933,B9,PM1,Rep01,F12,Inosine,58.002663,75.4176646300518,-18.685624806662474,57.542805,0.459857999999997
mB,,25.0025,94.8852,[-1.15295048  0.33958082 -0.03924699  1.2842302   0.43495261  0.03029015],0.9861667383943944,55.39816289553586,B9,PM1,Rep01,G01,Glycyl-L-Glutamic Acid,57.03207,75.4176646300518,-20.01950173451594,57.542805,-0.5107350000000039
mB,,25.0025,94.8852,[-1.08679022  0.31393638 -0.27380622  1.46539518  0.44231036  0.03321096],0.9927617745616236,55.912342343531535,B9,PM1,Rep01,G02,Tricarballylic Acid,57.51737,75.4176646300518,-19.50532228652027,57.542805,-0.02543500000000165
mB,,25.0025,94.8852,[-1.23993086  0.34364148 -0.34410378  1.62273693  0.44661968  0.03801529],0.9976431500984921,56.21348893136742,B9,PM1,Rep01,G03,L-Serine,57.03207,75.4176646300518,-19.20417569868438,57.542805,-0.5107350000000039
mB,,25.0025,94.8852,[-1.26353614  0.34243639 -0.29580785  1.62512397  0.44749073  0.04001849],0.996749498453624,56.27436062183185,B9,PM1,Rep01,G04,L-Threonine,57.03207,75.4176646300518,-19.14330400821995,57.542805,-0.5107350000000039
mB,,25.0025,94.8852,"[ 1.39022532e+00 -7.41982434e-02 -2.88965225e+00  1.96655294e+00
  6.50516370e-01  5.59660031e-05]",0.6364262119185309,70.46234031429076,B9,PM1,Rep01,G05,L-Alanine,57.51737,75.4176646300518,-4.955324315761047,57.542805,-0.02543500000000165
mB,,25.0025,94.8852,[-0.95959872  0.29078659 -0.37297326  1.39858025  0.44276747  0.02882363],0.9839683490243499,55.94428595930384,B9,PM1,Rep01,G06,L-Alanyl-Glycine,57.51737,75.4176646300518,-19.473378670747962,57.542805,-0.02543500000000165
mB,,25.0025,94.8852,[-1.1122676   0.31242978 -0.34883923  1.5577535   0.44594461  0.03564203],0.9932106405635338,56.166313404151055,B9,PM1,Rep01,G07,Acetoacetic Acid,57.51737,75.4176646300518,-19.25135122590075,57.542805,-0.02543500000000165
mB,,25.0025,94.8852,[-1.11511255  0.30934195 -0.39738857  1.59655537  0.45147997  0.03844138],0.9970521469453033,56.55313940939013,B9,PM1,Rep01,G08,N-Acetyl-beta-D-Mannosamine,57.51737,75.4176646300518,-18.864525220661676,57.542805,-0.02543500000000165
mB,,25.0025,94.8852,[-0.96839846  0.28574879 -0.58124108  1.61509508  0.45141755  0.03334418],0.9970363533840344,56.548776937692914,B9,PM1,Rep01,G09,Mono Methyl Succinate,57.51737,75.4176646300518,-18.86888769235889,57.542805,-0.02543500000000165
mB,,25.0025,94.8852,[-0.83528072  0.25654969 -0.69231598  1.59911663  0.45167784  0.02976358],0.995225679751205,56.566966661204624,B9,PM1,Rep01,G10,Methyl Pyruvate,57.51737,75.4176646300518,-18.85069796884718,57.542805,-0.02543500000000165
mB,,25.0025,94.8852,[-0.83838719  0.26076595 -0.75691095  1.62067559  0.45179316  0.02889653],0.9955650948839797,56.57502592505686,B9,PM1,Rep01,G11,D-Malic Acid,57.51737,75.4176646300518,-18.84263870499494,57.542805,-0.02543500000000165
mB,,25.0025,94.8852,[-0.85375046  0.26539016 -0.64318837  1.56633315  0.45089959  0.02886279],0.9958490691570401,56.51258110191487,B9,PM1,Rep01,G12,L-Malic Acid,57.51737,75.4176646300518,-18.905083528136934,57.542805,-0.02543500000000165
mB,,25.0025,94.8852,[-1.13539326  0.33560152 -0.04526696  1.26343937  0.43307616  0.02944527],0.9864949507036027,55.267031325678346,B9,PM1,Rep01,H01,Glycyl-L-Proline,57.03207,75.4176646300518,-20.150633304373457,57.542805,-0.5107350000000039
mB,,25.0025,94.8852,[-0.94984798  0.28323545 -0.24025326  1.35688347  0.43863062  0.02956861],0.9949219246597838,55.65519217713526,B9,PM1,Rep01,H02,p-Hydroxy Phenyl Acetic Acid,57.03207,75.4176646300518,-19.76247245291654,57.542805,-0.5107350000000039
mB,,25.0025,94.8852,[-1.0978865   0.31429578 -0.16370684  1.3982965   0.43914284  0.03306914],0.9880030645541165,55.69098713124279,B9,PM1,Rep01,H03,m-Hydroxy Phenyl Acetic Acid,57.03207,75.4176646300518,-19.72667749880901,57.542805,-0.5107350000000039
mB,,25.0025,94.8852,[-0.85940724  0.27550946 -0.30961113  1.23649771  0.43573789  0.02331758],0.9756340633429652,55.45304018222877,B9,PM1,Rep01,H04,Tyramine,57.03207,75.4176646300518,-19.964624447823034,57.542805,-0.5107350000000039
mB,,25.0025,94.8852,[-0.92314265  0.29264484 -0.29998668  1.27655203  0.44040999  0.02488378],0.9766878047591041,55.77953923600827,B9,PM1,Rep01,H05,D-Psicose,57.51737,75.4176646300518,-19.638125394043534,57.542805,-0.02543500000000165
mB,,25.0025,94.8852,[-0.79356231  0.26315282 -0.59478883  1.35823865  0.44325393  0.0222137 ],0.9616232724825269,55.9782815544019,B9,PM1,Rep01,H06,L-Lyxose,57.51737,75.4176646300518,-19.4393830756499,57.542805,-0.02543500000000165
mB,,25.0025,94.8852,[-0.80790355  0.26614662 -0.64589984  1.38723192  0.44370564  0.02223132],0.9590525721457219,56.00984820866516,B9,PM1,Rep01,H07,Glucuronamide,57.51737,75.4176646300518,-19.40781642138664,57.542805,-0.02543500000000165
mB,,25.0025,94.8852,[-0.86092256  0.27782781 -0.37629438  1.28396002  0.44078376  0.02385422],0.9734808130398331,55.805659186984144,B9,PM1,Rep01,H08,Pyruvic Acid,57.51737,75.4176646300518,-19.61200544306766,57.542805,-0.02543500000000165
mB,,25.0025,94.8852,[-0.96932263  0.29682364 -0.41880348  1.42226263  0.44148764  0.02828899],0.9895776839769642,55.85484845366048,B9,PM1,Rep01,H09,L-Galactonic Acid-gamma-Lactone,57.51737,75.4176646300518,-19.562816176391323,57.542805,-0.02543500000000165
mB,,25.0025,94.8852,[-0.89356528  0.27560373 -0.42217887  1.39944971  0.442283    0.02772336],0.9844274573986814,55.910430421130435,B9,PM1,Rep01,H10,D-Galacturonic Acid,57.51737,75.4176646300518,-19.507234208921368,57.542805,-0.02543500000000165
mB,,25.0025,94.8852,[-0.86045806  0.26289989 -0.70691044  1.60943458  0.45037524  0.03043303],0.9955354552828212,56.47593767930707,B9,PM1,Rep01,H11,Phenylethyl-amine,57.51737,75.4176646300518,-18.94172695074473,57.542805,-0.02543500000000165
mB,,25.0025,94.8852,[-0.87225236  0.26755566 -0.67877947  1.59766406  0.44976829  0.02965607],0.9959455547135996,56.43352253322682,B9,PM1,Rep01,H12,2-Aminoethanol,57.51737,75.4176646300518,-18.984142096824982,57.542805,-0.02543500000000165
